{
  "name": "angular-stripe",
  "homepage": "https://github.com/bendrucker/angular-stripe",
  "authors": [
    "Ben Drucker <bvdrucker@gmail.com>"
  ],
  "description": "Angular service provider for interacting with Stripe",
  "main": "./release/angular-stripe.js",
  "moduleType": [
    "node",
    "amd",
    "globals"
  ],
  "keywords": [
    "angular",
    "stripe",
    "promise",
    "wrapper"
  ],
  "license": "MIT",
  "ignore": [
    "**/.*",
    "node_modules",
    "bower_components",
    "components",
    "test",
    "tests",
    "karma.conf.js"
  ],
  "dependencies": {
    "angular": ">=1.3 <2"
  },
  "version": "4.2.12",
  "_release": "4.2.12",
  "_resolution": {
    "type": "version",
    "tag": "v4.2.12",
    "commit": "6c6ee75fdb311a77e34f980bf461f19f8f88ceac"
  },
  "_source": "https://github.com/bendrucker/angular-stripe.git",
  "_target": "^4.2.12",
  "_originalSource": "angular-stripe",
  "_direct": true
}