{
  "name": "angular-medium-editor",
  "version": "1.2.1",
  "dependencies": {
    "angular": ">=1.3.0",
    "medium-editor": "5.*"
  },
  "main": "./dist/angular-medium-editor.js",
  "ignore": [
    "**/.*",
    "*.md",
    "Gruntfile.js",
    "package.json",
    "src",
    "demo"
  ],
  "homepage": "https://github.com/thijsw/angular-medium-editor",
  "_release": "1.2.1",
  "_resolution": {
    "type": "version",
    "tag": "1.2.1",
    "commit": "a675868738584d331b212951bb0df2a994c55895"
  },
  "_source": "https://github.com/thijsw/angular-medium-editor.git",
  "_target": "^1.2.1",
  "_originalSource": "angular-medium-editor",
  "_direct": true
}